,account_creation_year,followers_count
0,2010,2157.5646391369046
1,2011,2156.016633818658
2,2012,2169.6515926925345
3,2013,2165.4639437756823
4,2014,2162.790571216311
5,2015,2155.886087459701
6,2016,2155.706442605998
7,2017,2155.0588040485995
8,2018,2168.043212951432
9,2019,2143.6076553044018
10,2020,2167.6938503777715
11,2021,2161.550133765791
12,2022,2155.8374745164597
13,2023,2166.2569297700434
14,2024,2163.305459057072
15,2025,2164.2467815571918
