,account_creation_year,following_count
0,2010,2609.8331473214284
1,2011,2605.683565333141
2,2012,2604.542714762776
3,2013,2600.9606885201783
4,2014,2604.649583144166
5,2015,2604.3755889890053
6,2016,2591.560796277146
7,2017,2594.100014488854
8,2018,2616.6370278123704
9,2019,2589.467377023742
10,2020,2618.197153296726
11,2021,2599.4451870138723
12,2022,2607.9301880348958
13,2023,2605.8384607416615
14,2024,2606.694964846981
15,2025,2619.071854563402
